window_start,window_end,packets,bytes,duration,avg_pkt_size,throughput,pkt_rate,class
1693898020.251076,1693898021.251076,30,2308,1.000000,76.93333333333334,2308,3E+1,web-browsing
1693898021.251076,1693898022.251076,14,7037,1.000000,502.64285714285717,7037,14,web-browsing
1693898022.251076,1693898023.251076,3004,1527584,1.000000,508.5166444740346,1527584,3004,web-browsing
1693898023.251076,1693898024.251076,1691,843539,1.000000,498.84033116499114,843539,1691,web-browsing
1693898024.251076,1693898025.251076,1514,774217,1.000000,511.3718626155879,774217,1514,web-browsing
1693898025.251076,1693898026.251076,68,27595,1.000000,405.80882352941177,27595,68,web-browsing
1693898026.251076,1693898027.251076,18,3908,1.000000,217.11111111111111,3908,18,web-browsing
1693898027.251076,1693898028.251076,23,1869,1.000000,81.26086956521739,1869,23,web-browsing
1693898028.251076,1693898029.251076,23,2740,1.000000,119.1304347826087,2.74E+3,23,web-browsing
1693898029.251076,1693898030.251076,31,2503,1.000000,80.74193548387096,2503,31,web-browsing
1693898030.251076,1693898031.251076,20,1491,1.000000,74.55,1491,2E+1,web-browsing
1693898031.251076,1693898032.251076,39,3956,1.000000,101.43589743589743,3956,39,web-browsing
1693898032.251076,1693898033.251076,4,1200,1.000000,300.0,1.2E+3,4,web-browsing
1693898033.251076,1693898034.251076,864,404802,1.000000,468.5208333333333,404802,864,web-browsing
1693898034.251076,1693898035.251076,4896,2823596,1.000000,576.7148692810457,2823596,4896,web-browsing
1693898035.251076,1693898036.251076,7578,4246177,1.000000,560.3295064660861,4246177,7578,web-browsing
1693898036.251076,1693898037.251076,6,420,1.000000,70.0,4.2E+2,6,web-browsing
1693898037.251076,1693898038.251076,26,2760,1.000000,106.15384615384616,2.76E+3,26,web-browsing
1693898038.251076,1693898039.251076,5,1445,1.000000,289.0,1445,5,web-browsing
1693898039.251076,1693898040.251076,12,1017,1.000000,84.75,1017,12,web-browsing
1693898040.251076,1693898041.251076,2,140,1.000000,70.0,1.4E+2,2,web-browsing
1693898041.251076,1693898042.251076,12,5274,1.000000,439.5,5274,12,web-browsing
1693898042.251076,1693898043.251076,5,342,1.000000,68.4,342,5,web-browsing
1693898043.251076,1693898044.251076,9,691,1.000000,76.77777777777777,691,9,web-browsing
1693898044.251076,1693898045.251076,2,361,1.000000,180.5,361,2,web-browsing
1693898045.251076,1693898046.251076,8,802,1.000000,100.25,802,8,web-browsing
1693898046.251076,1693898047.251076,8189,3915490,1.000000,478.1401880571498,3.91549E+6,8189,web-browsing
1693898047.251076,1693898048.251076,221,92657,1.000000,419.26244343891403,92657,221,web-browsing
1693898048.251076,1693898049.251076,46,4493,1.000000,97.67391304347827,4493,46,web-browsing
1693898049.251076,1693898050.251076,14,2132,1.000000,152.28571428571428,2132,14,web-browsing
1693898050.251076,1693898051.251076,45,3330,1.000000,74.0,3.33E+3,45,web-browsing
1693898051.251076,1693898052.251076,22,1646,1.000000,74.81818181818181,1646,22,web-browsing
1693898052.251076,1693898053.251076,40,3921,1.000000,98.025,3921,4E+1,web-browsing
1693898053.251076,1693898054.251076,15,1120,1.000000,74.66666666666667,1.12E+3,15,web-browsing
1693898054.251076,1693898055.251076,19,1404,1.000000,73.89473684210526,1404,19,web-browsing
1693898055.251076,1693898056.251076,15,1055,1.000000,70.33333333333333,1055,15,web-browsing
1693898056.251076,1693898057.251076,15,2012,1.000000,134.13333333333333,2012,15,web-browsing
1693898057.251076,1693898058.251076,8,560,1.000000,70.0,5.6E+2,8,web-browsing
1693898058.251076,1693898059.251076,15,1182,1.000000,78.8,1182,15,web-browsing
1693898059.251076,1693898060.251076,5,495,1.000000,99.0,495,5,web-browsing
1693898060.251076,1693898061.251076,60,6070,1.000000,101.16666666666667,6.07E+3,6E+1,web-browsing
1693898061.251076,1693898062.251076,109,44389,1.000000,407.23853211009174,44389,109,web-browsing
1693898062.251076,1693898063.251076,23,1552,1.000000,67.47826086956522,1552,23,web-browsing
1693898063.251076,1693898064.251076,30,3445,1.000000,114.83333333333333,3445,3E+1,web-browsing
1693898064.251076,1693898065.251076,18,3322,1.000000,184.55555555555554,3322,18,web-browsing
1693898065.251076,1693898066.251076,66,5579,1.000000,84.53030303030303,5579,66,web-browsing
1693898066.251076,1693898067.251076,13,994,1.000000,76.46153846153847,994,13,web-browsing
1693898067.251076,1693898068.251076,29,4570,1.000000,157.58620689655172,4.57E+3,29,web-browsing
1693898068.251076,1693898069.251076,34,8547,1.000000,251.38235294117646,8547,34,web-browsing
1693898069.251076,1693898070.251076,47,9667,1.000000,205.68085106382978,9667,47,web-browsing
1693898070.251076,1693898071.251076,5,416,1.000000,83.2,416,5,web-browsing
1693898071.251076,1693898072.251076,18,1224,1.000000,68.0,1224,18,web-browsing
1693898072.251076,1693898073.251076,34,6592,1.000000,193.88235294117646,6592,34,web-browsing
1693898073.251076,1693898074.251076,35,7686,1.000000,219.6,7686,35,web-browsing
1693898074.251076,1693898075.251076,5,420,1.000000,84.0,4.2E+2,5,web-browsing
1693898075.251076,1693898076.251076,30,4824,1.000000,160.8,4824,3E+1,web-browsing
1693898076.251076,1693898077.251076,94,7986,1.000000,84.95744680851064,7986,94,web-browsing
1693898077.251076,1693898078.251076,29,12514,1.000000,431.51724137931035,12514,29,web-browsing
1693898078.251076,1693898079.251076,13,2118,1.000000,162.92307692307693,2118,13,web-browsing
1693898079.251076,1693898080.251076,7,542,1.000000,77.42857142857143,542,7,web-browsing
1693898080.251076,1693898081.251076,99,6823,1.000000,68.91919191919192,6823,99,web-browsing
1693898081.251076,1693898082.251076,37,4259,1.000000,115.10810810810811,4259,37,web-browsing
1693898082.251076,1693898083.251076,28,2014,1.000000,71.92857142857143,2014,28,web-browsing
1693898083.251076,1693898084.251076,24,1814,1.000000,75.58333333333333,1814,24,web-browsing
1693898084.251076,1693898085.251076,16,1136,1.000000,71.0,1136,16,web-browsing
1693898085.251076,1693898086.251076,5,349,1.000000,69.8,349,5,web-browsing
1693898086.251076,1693898087.251076,5,326,1.000000,65.2,326,5,web-browsing
1693898087.251076,1693898088.251076,12,1537,1.000000,128.08333333333334,1537,12,web-browsing
1693898088.251076,1693898089.251076,24,3961,1.000000,165.04166666666666,3961,24,web-browsing
1693898089.251076,1693898090.251076,26,1810,1.000000,69.61538461538461,1.81E+3,26,web-browsing
1693898090.251076,1693898091.251076,13,870,1.000000,66.92307692307692,8.7E+2,13,web-browsing
1693898091.251076,1693898092.251076,67,5359,1.000000,79.98507462686567,5359,67,web-browsing
1693898092.251076,1693898093.251076,10,661,1.000000,66.1,661,1E+1,web-browsing
1693898093.251076,1693898094.251076,6,1624,1.000000,270.6666666666667,1624,6,web-browsing
1693898094.251076,1693898095.251076,10,750,1.000000,75.0,7.5E+2,1E+1,web-browsing
1693898095.251076,1693898096.251076,7,466,1.000000,66.57142857142857,466,7,web-browsing
1693898096.251076,1693898097.251076,11,847,1.000000,77.0,847,11,web-browsing
1693898097.251076,1693898098.251076,17,1231,1.000000,72.41176470588235,1231,17,web-browsing
1693898098.251076,1693898099.251076,15,1081,1.000000,72.06666666666666,1081,15,web-browsing
1693898099.251076,1693898100.251076,7,546,1.000000,78.0,546,7,web-browsing
1693898100.251076,1693898101.251076,5,308,1.000000,61.6,308,5,web-browsing
1693898101.251076,1693898102.251076,14,972,1.000000,69.42857142857143,972,14,web-browsing
1693898102.251076,1693898103.251076,4,280,1.000000,70.0,2.8E+2,4,web-browsing
1693898103.251076,1693898104.251076,9,691,1.000000,76.77777777777777,691,9,web-browsing
1693898104.251076,1693898105.251076,11,792,1.000000,72.0,792,11,web-browsing
1693898105.251076,1693898106.251076,7,1530,1.000000,218.57142857142858,1.53E+3,7,web-browsing
1693898106.251076,1693898107.251076,51,5070,1.000000,99.41176470588235,5.07E+3,51,web-browsing
1693898107.251076,1693898108.251076,14,919,1.000000,65.64285714285714,919,14,web-browsing
1693898108.251076,1693898109.251076,6,538,1.000000,89.66666666666667,538,6,web-browsing
1693898109.251076,1693898110.251076,27,2118,1.000000,78.44444444444444,2118,27,web-browsing
1693898110.251076,1693898111.251076,7,585,1.000000,83.57142857142857,585,7,web-browsing
1693898111.251076,1693898112.251076,66,17432,1.000000,264.1212121212121,17432,66,web-browsing
1693898112.251076,1693898113.251076,56,16122,1.000000,287.89285714285717,16122,56,web-browsing
1693898113.251076,1693898114.251076,54,10919,1.000000,202.2037037037037,10919,54,web-browsing
1693898114.251076,1693898115.251076,6804,3729125,1.000000,548.0783362727807,3729125,6804,web-browsing
1693898115.251076,1693898116.251076,56,19542,1.000000,348.9642857142857,19542,56,web-browsing
1693898116.251076,1693898117.251076,27,2198,1.000000,81.4074074074074,2198,27,web-browsing
1693898117.251076,1693898118.251076,1604,873819,1.000000,544.7749376558603,873819,1604,web-browsing
1693898118.251076,1693898119.251076,355,149033,1.000000,419.8112676056338,149033,355,web-browsing
1693898119.251076,1693898120.251076,41,15306,1.000000,373.3170731707317,15306,41,web-browsing
1693898120.251076,1693898121.251076,147,61777,1.000000,420.2517006802721,61777,147,web-browsing
1693898121.251076,1693898122.251076,2666,1538151,1.000000,576.9508627156789,1538151,2666,web-browsing
1693898122.251076,1693898123.251076,115,54924,1.000000,477.6,54924,115,web-browsing
1693898123.251076,1693898124.251076,14,1190,1.000000,85.0,1.19E+3,14,web-browsing
1693898124.251076,1693898125.251076,17,1348,1.000000,79.29411764705883,1348,17,web-browsing
1693898125.251076,1693898126.251076,347,99932,1.000000,287.9884726224784,99932,347,web-browsing
1693898126.251076,1693898127.251076,14,3364,1.000000,240.28571428571428,3364,14,web-browsing
1693898127.251076,1693898128.251076,8,955,1.000000,119.375,955,8,web-browsing
1693898128.251076,1693898129.251076,51,9070,1.000000,177.84313725490196,9.07E+3,51,web-browsing
1693898129.251076,1693898130.251076,551,330490,1.000000,599.8003629764065,3.3049E+5,551,web-browsing
1693898130.251076,1693898131.251076,15,1145,1.000000,76.33333333333333,1145,15,web-browsing
1693898131.251076,1693898132.251076,57,18628,1.000000,326.8070175438597,18628,57,web-browsing
1693898132.251076,1693898133.251076,4,280,1.000000,70.0,2.8E+2,4,web-browsing
1693898133.251076,1693898134.251076,676,419336,1.000000,620.3195266272189,419336,676,web-browsing
1693898134.251076,1693898135.251076,10,829,1.000000,82.9,829,1E+1,web-browsing
1693898135.251076,1693898136.251076,30,3133,1.000000,104.43333333333334,3133,3E+1,web-browsing
1693898136.251076,1693898137.251076,56,3713,1.000000,66.30357142857143,3713,56,web-browsing
1693898137.251076,1693898138.251076,498,278885,1.000000,560.0100401606426,278885,498,web-browsing
1693898138.251076,1693898139.251076,7,551,1.000000,78.71428571428571,551,7,web-browsing
1693898139.251076,1693898140.251076,690,431470,1.000000,625.3188405797101,4.3147E+5,6.9E+2,web-browsing
1693898140.251076,1693898141.251076,11,835,1.000000,75.9090909090909,835,11,web-browsing
1693898141.251076,1693898142.251076,12,2614,1.000000,217.83333333333334,2614,12,web-browsing
1693898142.251076,1693898143.251076,10,700,1.000000,70.0,7E+2,1E+1,web-browsing
1693898143.251076,1693898144.251076,20,1564,1.000000,78.2,1564,2E+1,web-browsing
1693898144.251076,1693898145.251076,35,2308,1.000000,65.94285714285714,2308,35,web-browsing
1693898145.251076,1693898146.251076,730,452124,1.000000,619.3479452054795,452124,7.3E+2,web-browsing
1693898146.251076,1693898147.251076,9,688,1.000000,76.44444444444444,688,9,web-browsing
1693898147.251076,1693898148.251076,21,1467,1.000000,69.85714285714286,1467,21,web-browsing
1693898148.251076,1693898149.251076,754,464080,1.000000,615.4907161803714,4.6408E+5,754,web-browsing
1693898149.251076,1693898150.251076,1246,694422,1.000000,557.3210272873195,694422,1246,web-browsing
1693898150.251076,1693898151.251076,17,1239,1.000000,72.88235294117646,1239,17,web-browsing
1693898151.251076,1693898152.251076,70,31576,1.000000,451.0857142857143,31576,7E+1,web-browsing
1693898152.251076,1693898153.251076,10,642,1.000000,64.2,642,1E+1,web-browsing
1693898153.251076,1693898154.251076,25,2808,1.000000,112.32,2808,25,web-browsing
1693898154.251076,1693898155.251076,7,564,1.000000,80.57142857142857,564,7,web-browsing
1693898155.251076,1693898156.251076,17,1301,1.000000,76.52941176470588,1301,17,web-browsing
1693898156.251076,1693898157.251076,10,682,1.000000,68.2,682,1E+1,web-browsing
1693898157.251076,1693898158.251076,26,3324,1.000000,127.84615384615384,3324,26,web-browsing
1693898158.251076,1693898159.251076,16,4256,1.000000,266.0,4256,16,web-browsing
1693898159.251076,1693898160.251076,99,9812,1.000000,99.11111111111111,9812,99,web-browsing
1693898160.251076,1693898161.251076,12,818,1.000000,68.16666666666667,818,12,web-browsing
1693898161.251076,1693898162.251076,22,2472,1.000000,112.36363636363636,2472,22,web-browsing
1693898162.251076,1693898163.251076,5,340,1.000000,68.0,3.4E+2,5,web-browsing
1693898163.251076,1693898164.251076,23,1627,1.000000,70.73913043478261,1627,23,web-browsing
1693898164.251076,1693898165.251076,14,1189,1.000000,84.92857142857143,1189,14,web-browsing
1693898165.251076,1693898166.251076,3,341,1.000000,113.66666666666667,341,3,web-browsing
1693898166.251076,1693898167.251076,99,8394,1.000000,84.78787878787878,8394,99,web-browsing
1693898167.251076,1693898168.251076,23,1697,1.000000,73.78260869565217,1697,23,web-browsing
1693898168.251076,1693898169.251076,16,1141,1.000000,71.3125,1141,16,web-browsing
1693898169.251076,1693898170.251076,13,1952,1.000000,150.15384615384616,1952,13,web-browsing
1693898170.251076,1693898171.251076,15,1026,1.000000,68.4,1026,15,web-browsing
1693898171.251076,1693898172.251076,12,818,1.000000,68.16666666666667,818,12,web-browsing
1693898172.251076,1693898173.251076,8,544,1.000000,68.0,544,8,web-browsing
1693898173.251076,1693898174.251076,12,851,1.000000,70.91666666666667,851,12,web-browsing
1693898174.251076,1693898175.251076,88,7950,1.000000,90.3409090909091,7.95E+3,88,web-browsing
1693898175.251076,1693898176.251076,4720,2401776,1.000000,508.85084745762714,2401776,4.72E+3,web-browsing
1693898176.251076,1693898177.251076,8,670,1.000000,83.75,6.7E+2,8,web-browsing
1693898177.251076,1693898178.251076,21,1504,1.000000,71.61904761904762,1504,21,web-browsing
1693898178.251076,1693898179.251076,16,1192,1.000000,74.5,1192,16,web-browsing
1693898179.251076,1693898180.251076,10,808,1.000000,80.8,808,1E+1,web-browsing
1693898180.251076,1693898181.251076,3,243,1.000000,81.0,243,3,web-browsing
1693898181.251076,1693898182.251076,78,5099,1.000000,65.37179487179488,5099,78,web-browsing
1693898182.251076,1693898183.251076,21,1375,1.000000,65.47619047619048,1375,21,web-browsing
1693898183.251076,1693898184.251076,9,651,1.000000,72.33333333333333,651,9,web-browsing
1693898184.251076,1693898185.251076,7,564,1.000000,80.57142857142857,564,7,web-browsing
1693898185.251076,1693898186.251076,12,840,1.000000,70.0,8.4E+2,12,web-browsing
1693898187.251076,1693898188.251076,6,378,1.000000,63.0,378,6,web-browsing
1693898188.251076,1693898189.251076,5,411,1.000000,82.2,411,5,web-browsing
1693898189.251076,1693898190.251076,31,3154,1.000000,101.74193548387096,3154,31,web-browsing
1693898190.251076,1693898191.251076,6,404,1.000000,67.33333333333333,404,6,web-browsing
1693898191.251076,1693898192.251076,10,743,1.000000,74.3,743,1E+1,web-browsing
1693898192.251076,1693898193.251076,9,673,1.000000,74.77777777777777,673,9,web-browsing
1693898193.251076,1693898194.251076,12,876,1.000000,73.0,876,12,web-browsing
1693898194.251076,1693898195.251076,43,2863,1.000000,66.5813953488372,2863,43,web-browsing
1693898195.251076,1693898196.251076,10,700,1.000000,70.0,7E+2,1E+1,web-browsing
1693898196.251076,1693898197.251076,38,4217,1.000000,110.97368421052632,4217,38,web-browsing
1693898197.251076,1693898198.251076,6,398,1.000000,66.33333333333333,398,6,web-browsing
1693898198.251076,1693898199.251076,23,1641,1.000000,71.34782608695652,1641,23,web-browsing
1693898199.251076,1693898200.251076,11,897,1.000000,81.54545454545455,897,11,web-browsing
1693898200.251076,1693898201.251076,18,1208,1.000000,67.11111111111111,1208,18,web-browsing
1693898201.251076,1693898202.251076,2,140,1.000000,70.0,1.4E+2,2,web-browsing
1693898202.251076,1693898203.251076,26,3794,1.000000,145.92307692307693,3794,26,web-browsing
1693898203.251076,1693898204.251076,25,3877,1.000000,155.08,3877,25,web-browsing
1693898204.251076,1693898205.251076,60,5080,1.000000,84.66666666666667,5.08E+3,6E+1,web-browsing
1693898205.251076,1693898206.251076,11,843,1.000000,76.63636363636364,843,11,web-browsing
1693898206.251076,1693898207.251076,10,782,1.000000,78.2,782,1E+1,web-browsing
1693898207.251076,1693898208.251076,2,124,1.000000,62.0,124,2,web-browsing
1693898208.251076,1693898209.251076,95,13077,1.000000,137.65263157894736,13077,95,web-browsing
1693898209.251076,1693898210.251076,1406,568266,1.000000,404.17211948790896,568266,1406,web-browsing
1693898210.251076,1693898211.251076,22,1511,1.000000,68.68181818181819,1511,22,web-browsing
1693898211.251076,1693898212.251076,32,2345,1.000000,73.28125,2345,32,web-browsing
1693898212.251076,1693898213.251076,46,5773,1.000000,125.5,5773,46,web-browsing
1693898213.251076,1693898214.251076,34,2698,1.000000,79.3529411764706,2698,34,web-browsing
1693898214.251076,1693898215.251076,13,1018,1.000000,78.3076923076923,1018,13,web-browsing
1693898215.251076,1693898216.251076,51,6988,1.000000,137.01960784313727,6988,51,web-browsing
1693898216.251076,1693898217.251076,14,1090,1.000000,77.85714285714286,1.09E+3,14,web-browsing
1693898217.251076,1693898218.251076,23,1595,1.000000,69.34782608695652,1595,23,web-browsing
1693898218.251076,1693898219.251076,14,5574,1.000000,398.14285714285717,5574,14,web-browsing
1693898219.251076,1693898220.251076,19,1395,1.000000,73.42105263157895,1395,19,web-browsing
1693898220.251076,1693898221.251076,11,830,1.000000,75.45454545454545,8.3E+2,11,web-browsing
1693898221.251076,1693898222.251076,11,744,1.000000,67.63636363636364,744,11,web-browsing
1693898222.251076,1693898223.251076,10,2282,1.000000,228.2,2282,1E+1,web-browsing
1693898223.251076,1693898224.251076,641,379250,1.000000,591.6536661466458,3.7925E+5,641,web-browsing
1693898224.251076,1693898225.251076,18,1351,1.000000,75.05555555555556,1351,18,web-browsing
1693898225.251076,1693898226.251076,9,725,1.000000,80.55555555555556,725,9,web-browsing
1693898226.251076,1693898227.251076,124,11540,1.000000,93.06451612903226,1.154E+4,124,web-browsing
1693898227.251076,1693898228.251076,554,300254,1.000000,541.9747292418773,300254,554,web-browsing
1693898228.251076,1693898229.251076,13,943,1.000000,72.53846153846153,943,13,web-browsing
1693898229.251076,1693898230.251076,16,2693,1.000000,168.3125,2693,16,web-browsing
1693898230.251076,1693898231.251076,5,365,1.000000,73.0,365,5,web-browsing
1693898231.251076,1693898232.251076,22,1711,1.000000,77.77272727272727,1711,22,web-browsing
1693898232.251076,1693898233.251076,7,505,1.000000,72.14285714285714,505,7,web-browsing
1693898233.251076,1693898234.251076,21,2609,1.000000,124.23809523809524,2609,21,web-browsing
1693898234.251076,1693898235.251076,32,2199,1.000000,68.71875,2199,32,web-browsing
1693898235.251076,1693898236.251076,650,378221,1.000000,581.8784615384616,378221,6.5E+2,web-browsing
1693898236.251076,1693898237.251076,114,46745,1.000000,410.0438596491228,46745,114,web-browsing
1693898237.251076,1693898238.251076,57,30831,1.000000,540.8947368421053,30831,57,web-browsing
1693898238.251076,1693898239.251076,27,1914,1.000000,70.88888888888889,1914,27,web-browsing
1693898239.251076,1693898240.251076,14,1077,1.000000,76.92857142857143,1077,14,web-browsing
1693898240.251076,1693898241.251076,45,5673,1.000000,126.06666666666666,5673,45,web-browsing
1693898241.251076,1693898242.251076,21,2389,1.000000,113.76190476190476,2389,21,web-browsing
1693898242.251076,1693898243.251076,15,1139,1.000000,75.93333333333334,1139,15,web-browsing
1693898243.251076,1693898244.251076,11,767,1.000000,69.72727272727273,767,11,web-browsing
1693898244.251076,1693898245.251076,10,921,1.000000,92.1,921,1E+1,web-browsing
1693898245.251076,1693898246.251076,8,544,1.000000,68.0,544,8,web-browsing
1693898246.251076,1693898247.251076,11,837,1.000000,76.0909090909091,837,11,web-browsing
1693898247.251076,1693898248.251076,14,886,1.000000,63.285714285714285,886,14,web-browsing
1693898248.251076,1693898249.251076,18,2356,1.000000,130.88888888888889,2356,18,web-browsing
1693898249.251076,1693898250.251076,20,1340,1.000000,67.0,1.34E+3,2E+1,web-browsing
1693898250.251076,1693898251.251076,6,398,1.000000,66.33333333333333,398,6,web-browsing
1693898251.251076,1693898252.251076,4,280,1.000000,70.0,2.8E+2,4,web-browsing
1693898252.251076,1693898253.251076,18,1244,1.000000,69.11111111111111,1244,18,web-browsing
1693898253.251076,1693898254.251076,13,1031,1.000000,79.3076923076923,1031,13,web-browsing
1693898254.251076,1693898255.251076,78,5244,1.000000,67.23076923076923,5244,78,web-browsing
1693898255.251076,1693898256.251076,20,1358,1.000000,67.9,1358,2E+1,web-browsing
1693898256.251076,1693898257.251076,2501,1174103,1.000000,469.45341863254697,1174103,2501,web-browsing
1693898257.251076,1693898258.251076,1276,597273,1.000000,468.0822884012539,597273,1276,web-browsing
1693898258.251076,1693898259.251076,12,998,1.000000,83.16666666666667,998,12,web-browsing
1693898259.251076,1693898260.251076,11,852,1.000000,77.45454545454545,852,11,web-browsing
1693898260.251076,1693898261.251076,11,825,1.000000,75.0,825,11,web-browsing
1693898261.251076,1693898262.251076,10,708,1.000000,70.8,708,1E+1,web-browsing
1693898262.251076,1693898263.251076,5,408,1.000000,81.6,408,5,web-browsing
1693898263.251076,1693898264.251076,16,1372,1.000000,85.75,1372,16,web-browsing
1693898264.251076,1693898265.251076,15,1188,1.000000,79.2,1188,15,web-browsing
1693898265.251076,1693898266.251076,4,288,1.000000,72.0,288,4,web-browsing
1693898266.251076,1693898267.251076,6,420,1.000000,70.0,4.2E+2,6,web-browsing
1693898267.251076,1693898268.251076,12,1042,1.000000,86.83333333333333,1042,12,web-browsing
1693898268.251076,1693898269.251076,12,4743,1.000000,395.25,4743,12,web-browsing
1693898269.251076,1693898270.251076,41,2650,1.000000,64.63414634146342,2.65E+3,41,web-browsing
1693898270.251076,1693898271.251076,12,813,1.000000,67.75,813,12,web-browsing
1693898271.251076,1693898272.251076,2,140,1.000000,70.0,1.4E+2,2,web-browsing
1693898272.251076,1693898273.251076,15,1169,1.000000,77.93333333333334,1169,15,web-browsing
1693898273.251076,1693898274.251076,13,1040,1.000000,80.0,1.04E+3,13,web-browsing
1693898274.251076,1693898275.251076,13,920,1.000000,70.76923076923077,9.2E+2,13,web-browsing
1693898275.251076,1693898276.251076,2,122,1.000000,61.0,122,2,web-browsing
1693898276.251076,1693898277.251076,6,420,1.000000,70.0,4.2E+2,6,web-browsing
1693898277.251076,1693898278.251076,2,140,1.000000,70.0,1.4E+2,2,web-browsing
1693898278.251076,1693898279.251076,4,427,1.000000,106.75,427,4,web-browsing
1693898279.251076,1693898280.251076,1,144,1.000000,144.0,144,1,web-browsing
1693898280.251076,1693898281.251076,12,801,1.000000,66.75,801,12,web-browsing
1693898281.251076,1693898282.251076,30,1991,1.000000,66.36666666666666,1991,3E+1,web-browsing
1693898282.251076,1693898283.251076,4,263,1.000000,65.75,263,4,web-browsing
1693898283.251076,1693898284.251076,4,420,1.000000,105.0,4.2E+2,4,web-browsing
1693898284.251076,1693898285.251076,10,992,1.000000,99.2,992,1E+1,web-browsing
1693898285.251076,1693898286.251076,5,497,1.000000,99.4,497,5,web-browsing
1693898286.251076,1693898287.251076,25,3473,1.000000,138.92,3473,25,web-browsing
1693898287.251076,1693898288.251076,5,497,1.000000,99.4,497,5,web-browsing
1693898288.251076,1693898289.251076,7,741,1.000000,105.85714285714286,741,7,web-browsing
1693898289.251076,1693898290.251076,3,284,1.000000,94.66666666666667,284,3,web-browsing
1693898290.251076,1693898291.251076,6,482,1.000000,80.33333333333333,482,6,web-browsing
1693898291.251076,1693898292.251076,6,420,1.000000,70.0,4.2E+2,6,web-browsing
1693898292.251076,1693898293.251076,8,522,1.000000,65.25,522,8,web-browsing
1693898293.251076,1693898294.251076,5,411,1.000000,82.2,411,5,web-browsing
1693898294.251076,1693898295.251076,16,1243,1.000000,77.6875,1243,16,web-browsing
1693898295.251076,1693898296.251076,4,244,1.000000,61.0,244,4,web-browsing
1693898296.251076,1693898297.251076,10,713,1.000000,71.3,713,1E+1,web-browsing
1693898297.251076,1693898298.251076,2,140,1.000000,70.0,1.4E+2,2,web-browsing
1693898298.251076,1693898299.251076,3,271,1.000000,90.33333333333333,271,3,web-browsing
1693898299.251076,1693898300.251076,38,2467,1.000000,64.92105263157895,2467,38,web-browsing
1693898300.251076,1693898301.251076,1,144,1.000000,144.0,144,1,web-browsing
1693898301.251076,1693898302.251076,11,910,1.000000,82.72727272727273,9.1E+2,11,web-browsing
1693898302.251076,1693898303.251076,4,263,1.000000,65.75,263,4,web-browsing
1693898303.251076,1693898304.251076,69,4529,1.000000,65.6376811594203,4529,69,web-browsing
1693898304.251076,1693898305.251076,4,256,1.000000,64.0,256,4,web-browsing
1693898305.251076,1693898306.251076,7,653,1.000000,93.28571428571429,653,7,web-browsing
1693898306.251076,1693898307.251076,4,280,1.000000,70.0,2.8E+2,4,web-browsing
1693898307.251076,1693898308.251076,1,99,1.000000,99.0,99,1,web-browsing
1693898308.251076,1693898309.251076,8,557,1.000000,69.625,557,8,web-browsing
1693898309.251076,1693898310.251076,1,99,1.000000,99.0,99,1,web-browsing
1693898310.251076,1693898311.251076,3,284,1.000000,94.66666666666667,284,3,web-browsing
1693898311.251076,1693898312.251076,12,941,1.000000,78.41666666666667,941,12,web-browsing
1693898312.251076,1693898313.251076,6,396,1.000000,66.0,396,6,web-browsing
1693898313.251076,1693898314.251076,28,8004,1.000000,285.85714285714283,8004,28,web-browsing
1693898314.251076,1693898315.251076,50,5404,1.000000,108.08,5404,5E+1,web-browsing
1693898315.251076,1693898316.251076,65,22642,1.000000,348.33846153846156,22642,65,web-browsing
1693898316.251076,1693898317.251076,61,8111,1.000000,132.9672131147541,8111,61,web-browsing
1693898317.251076,1693898318.251076,7,763,1.000000,109.0,763,7,web-browsing
1693898318.251076,1693898319.251076,17,1991,1.000000,117.11764705882354,1991,17,web-browsing
1693898319.251076,1693898320.251076,11,3687,1.000000,335.1818181818182,3687,11,web-browsing
1693898320.251076,1693898321.251076,8,3493,1.000000,436.625,3493,8,web-browsing
1693898321.251076,1693898322.251076,9,3803,1.000000,422.55555555555554,3803,9,web-browsing
1693900923.011576,1693900924.011576,31,2679,1.000000,86.41935483870968,2679,31,web-browsing
1693900924.011576,1693900925.011576,11,1903,1.000000,173.0,1903,11,web-browsing
1693900925.011576,1693900926.011576,19,1792,1.000000,94.3157894736842,1792,19,web-browsing
1693900926.011576,1693900927.011576,23,1741,1.000000,75.69565217391305,1741,23,web-browsing
1693900927.011576,1693900928.011576,777,290863,1.000000,374.3410553410553,290863,777,web-browsing
1693900928.011576,1693900929.011576,3535,1879092,1.000000,531.5677510608203,1879092,3535,web-browsing
1693900929.011576,1693900930.011576,23,1861,1.000000,80.91304347826087,1861,23,web-browsing
1693900930.011576,1693900931.011576,22,1608,1.000000,73.0909090909091,1608,22,web-browsing
1693900931.011576,1693900932.011576,75,9340,1.000000,124.53333333333333,9.34E+3,75,web-browsing
1693900932.011576,1693900933.011576,80,19730,1.000000,246.625,1.973E+4,8E+1,web-browsing
1693900933.011576,1693900934.011576,61,8703,1.000000,142.672131147541,8703,61,web-browsing
1693900934.011576,1693900935.011576,73,24951,1.000000,341.7945205479452,24951,73,web-browsing
1693900935.011576,1693900936.011576,582,333565,1.000000,573.1357388316151,333565,582,web-browsing
1693900936.011576,1693900937.011576,42,8060,1.000000,191.9047619047619,8.06E+3,42,web-browsing
1693900937.011576,1693900938.011576,20,1467,1.000000,73.35,1467,2E+1,web-browsing
1693900938.011576,1693900939.011576,13,897,1.000000,69.0,897,13,web-browsing
1693900939.011576,1693900940.011576,14,3218,1.000000,229.85714285714286,3218,14,web-browsing
1693900940.011576,1693900941.011576,21,1546,1.000000,73.61904761904762,1546,21,web-browsing
1693900941.011576,1693900942.011576,8,584,1.000000,73.0,584,8,web-browsing
1693900942.011576,1693900943.011576,28,1938,1.000000,69.21428571428571,1938,28,web-browsing
1693900943.011576,1693900944.011576,24,3188,1.000000,132.83333333333334,3188,24,web-browsing
1693900944.011576,1693900945.011576,699,380426,1.000000,544.2432045779685,380426,699,web-browsing
1693900945.011576,1693900946.011576,111,38876,1.000000,350.23423423423424,38876,111,web-browsing
1693900946.011576,1693900947.011576,11,701,1.000000,63.72727272727273,701,11,web-browsing
1693900947.011576,1693900948.011576,11,795,1.000000,72.27272727272727,795,11,web-browsing
1693900948.011576,1693900949.011576,31,2023,1.000000,65.25806451612904,2023,31,web-browsing
1693900949.011576,1693900950.011576,80,32406,1.000000,405.075,32406,8E+1,web-browsing
1693900950.011576,1693900951.011576,8,636,1.000000,79.5,636,8,web-browsing
1693900951.011576,1693900952.011576,4,264,1.000000,66.0,264,4,web-browsing
1693900952.011576,1693900953.011576,131,40183,1.000000,306.74045801526717,40183,131,web-browsing
1693900953.011576,1693900954.011576,2,140,1.000000,70.0,1.4E+2,2,web-browsing
1693900954.011576,1693900955.011576,13,870,1.000000,66.92307692307692,8.7E+2,13,web-browsing
1693900955.011576,1693900956.011576,14,1382,1.000000,98.71428571428571,1382,14,web-browsing
1693900956.011576,1693900957.011576,12,840,1.000000,70.0,8.4E+2,12,web-browsing
1693900957.011576,1693900958.011576,17,1229,1.000000,72.29411764705883,1229,17,web-browsing
1693900958.011576,1693900959.011576,126,25421,1.000000,201.75396825396825,25421,126,web-browsing
1693900959.011576,1693900960.011576,148,60212,1.000000,406.8378378378378,60212,148,web-browsing
1693900960.011576,1693900961.011576,49,3287,1.000000,67.08163265306122,3287,49,web-browsing
1693900961.011576,1693900962.011576,15,1026,1.000000,68.4,1026,15,web-browsing
1693900962.011576,1693900963.011576,18,1271,1.000000,70.61111111111111,1271,18,web-browsing
1693900963.011576,1693900964.011576,26,5454,1.000000,209.76923076923077,5454,26,web-browsing
1693900964.011576,1693900965.011576,37,3652,1.000000,98.70270270270271,3652,37,web-browsing
1693900965.011576,1693900966.011576,4682,2280043,1.000000,486.9805638615976,2280043,4682,web-browsing
1693900966.011576,1693900967.011576,126,41615,1.000000,330.27777777777777,41615,126,web-browsing
1693900967.011576,1693900968.011576,81,37626,1.000000,464.51851851851853,37626,81,web-browsing
1693900968.011576,1693900969.011576,88,23677,1.000000,269.0568181818182,23677,88,web-browsing
1693900969.011576,1693900970.011576,23,1803,1.000000,78.3913043478261,1803,23,web-browsing
1693900970.011576,1693900971.011576,31,9814,1.000000,316.5806451612903,9814,31,web-browsing
1693900971.011576,1693900972.011576,25,1959,1.000000,78.36,1959,25,web-browsing
1693900972.011576,1693900973.011576,564,46131,1.000000,81.79255319148936,46131,564,web-browsing
1693900973.011576,1693900974.011576,23,5073,1.000000,220.56521739130434,5073,23,web-browsing
1693900974.011576,1693900975.011576,6,2905,1.000000,484.1666666666667,2905,6,web-browsing
1693900975.011576,1693900976.011576,24,1679,1.000000,69.95833333333333,1679,24,web-browsing
1693900976.011576,1693900977.011576,9,623,1.000000,69.22222222222223,623,9,web-browsing
1693900977.011576,1693900978.011576,2,193,1.000000,96.5,193,2,web-browsing
1693900978.011576,1693900979.011576,2,173,1.000000,86.5,173,2,web-browsing
1693900979.011576,1693900980.011576,34,2200,1.000000,64.70588235294117,2.2E+3,34,web-browsing
1693900980.011576,1693900981.011576,20,1311,1.000000,65.55,1311,2E+1,web-browsing
1693900982.011576,1693900983.011576,4,317,1.000000,79.25,317,4,web-browsing
1693900983.011576,1693900984.011576,3,210,1.000000,70.0,2.1E+2,3,web-browsing
1693900985.011576,1693900986.011576,1,131,1.000000,131.0,131,1,web-browsing
1693900986.011576,1693900987.011576,3,186,1.000000,62.0,186,3,web-browsing
1693900987.011576,1693900988.011576,33,3100,1.000000,93.93939393939394,3.1E+3,33,web-browsing
1693900988.011576,1693900989.011576,4,264,1.000000,66.0,264,4,web-browsing
1693900990.011576,1693900991.011576,3,255,1.000000,85.0,255,3,web-browsing
1693900992.011576,1693900993.011576,1,131,1.000000,131.0,131,1,web-browsing
1693900993.011576,1693900994.011576,10,700,1.000000,70.0,7E+2,1E+1,web-browsing
1693900994.011576,1693900995.011576,17,1158,1.000000,68.11764705882354,1158,17,web-browsing
1693900995.011576,1693900996.011576,57,20481,1.000000,359.3157894736842,20481,57,web-browsing
1693900996.011576,1693900997.011576,12,824,1.000000,68.66666666666667,824,12,web-browsing
1693900997.011576,1693900998.011576,7,542,1.000000,77.42857142857143,542,7,web-browsing
1693900999.011576,1693901000.011576,1,85,1.000000,85.0,85,1,web-browsing
1693901000.011576,1693901001.011576,11,831,1.000000,75.54545454545455,831,11,web-browsing
1693901001.011576,1693901002.011576,11,785,1.000000,71.36363636363636,785,11,web-browsing
1693901002.011576,1693901003.011576,9,691,1.000000,76.77777777777777,691,9,web-browsing
1693901003.011576,1693901004.011576,2,128,1.000000,64.0,128,2,web-browsing
1693901004.011576,1693901005.011576,9,626,1.000000,69.55555555555556,626,9,web-browsing
1693901005.011576,1693901006.011576,1,131,1.000000,131.0,131,1,web-browsing
1693901007.011576,1693901008.011576,1,131,1.000000,131.0,131,1,web-browsing
1693901008.011576,1693901009.011576,3307,1757962,1.000000,531.5881463562141,1757962,3307,web-browsing
1693901009.011576,1693901010.011576,13581,8268867,1.000000,608.8555334658714,8268867,13581,web-browsing
1693901010.011576,1693901011.011576,19186,12152483,1.000000,633.4036797664965,12152483,19186,web-browsing
1693901011.011576,1693901012.011576,3785,2368403,1.000000,625.7339498018495,2368403,3785,web-browsing
1693901012.011576,1693901013.011576,23,1957,1.000000,85.08695652173913,1957,23,web-browsing
1693901013.011576,1693901014.011576,7,523,1.000000,74.71428571428571,523,7,web-browsing
1693901014.011576,1693901015.011576,32,2518,1.000000,78.6875,2518,32,web-browsing
1693901015.011576,1693901016.011576,38,6799,1.000000,178.92105263157896,6799,38,web-browsing
1693901016.011576,1693901017.011576,2849,1498652,1.000000,526.0273780273781,1498652,2849,web-browsing
1693901017.011576,1693901018.011576,1649,803565,1.000000,487.30442692540936,803565,1649,web-browsing
1693901018.011576,1693901019.011576,822,437795,1.000000,532.5973236009733,437795,822,web-browsing
1693901019.011576,1693901020.011576,31,13479,1.000000,434.80645161290323,13479,31,web-browsing
1693901020.011576,1693901021.011576,53,19191,1.000000,362.0943396226415,19191,53,web-browsing
1693901021.011576,1693901022.011576,16,1177,1.000000,73.5625,1177,16,web-browsing
1693901022.011576,1693901023.011576,8,688,1.000000,86.0,688,8,web-browsing
1693901023.011576,1693901024.011576,7,699,1.000000,99.85714285714286,699,7,web-browsing
1693901024.011576,1693901025.011576,79,26810,1.000000,339.36708860759495,2.681E+4,79,web-browsing
1693901025.011576,1693901026.011576,3,253,1.000000,84.33333333333333,253,3,web-browsing
1693901026.011576,1693901027.011576,25,3431,1.000000,137.24,3431,25,web-browsing
1693901027.011576,1693901028.011576,2,348,1.000000,174.0,348,2,web-browsing
1693901028.011576,1693901029.011576,2,312,1.000000,156.0,312,2,web-browsing
1693901029.011576,1693901030.011576,11,917,1.000000,83.36363636363636,917,11,web-browsing
1693901030.011576,1693901031.011576,11,987,1.000000,89.72727272727273,987,11,web-browsing
1693901031.011576,1693901032.011576,4,280,1.000000,70.0,2.8E+2,4,web-browsing
1693901032.011576,1693901033.011576,17,1095,1.000000,64.41176470588235,1095,17,web-browsing
1693901033.011576,1693901034.011576,4,280,1.000000,70.0,2.8E+2,4,web-browsing
1693901035.011576,1693901036.011576,23,1545,1.000000,67.17391304347827,1545,23,web-browsing
1693901036.011576,1693901037.011576,12,840,1.000000,70.0,8.4E+2,12,web-browsing
1693901037.011576,1693901038.011576,19,2359,1.000000,124.15789473684211,2359,19,web-browsing
1693901038.011576,1693901039.011576,22,1518,1.000000,69.0,1518,22,web-browsing
1693901039.011576,1693901040.011576,18,1178,1.000000,65.44444444444444,1178,18,web-browsing
1693901040.011576,1693901041.011576,5,411,1.000000,82.2,411,5,web-browsing
1693901041.011576,1693901042.011576,6,402,1.000000,67.0,402,6,web-browsing
1693901042.011576,1693901043.011576,571,166961,1.000000,292.4010507880911,166961,571,web-browsing
1693901043.011576,1693901044.011576,1955,1043062,1.000000,533.5355498721227,1043062,1955,web-browsing
1693901044.011576,1693901045.011576,28,2377,1.000000,84.89285714285714,2377,28,web-browsing
1693901045.011576,1693901046.011576,12,1151,1.000000,95.91666666666667,1151,12,web-browsing
1693901046.011576,1693901047.011576,57,6985,1.000000,122.54385964912281,6985,57,web-browsing
1693901047.011576,1693901048.011576,46,5501,1.000000,119.58695652173913,5501,46,web-browsing
1693901048.011576,1693901049.011576,35,2833,1.000000,80.94285714285714,2833,35,web-browsing
1693901049.011576,1693901050.011576,1443,881997,1.000000,611.2245322245323,881997,1443,web-browsing
1693901050.011576,1693901051.011576,39,2823,1.000000,72.38461538461539,2823,39,web-browsing
1693901051.011576,1693901052.011576,24,5111,1.000000,212.95833333333334,5111,24,web-browsing
1693901052.011576,1693901053.011576,62,11031,1.000000,177.91935483870967,11031,62,web-browsing
1693901053.011576,1693901054.011576,19,1197,1.000000,63.0,1197,19,web-browsing
1693901054.011576,1693901055.011576,36,2429,1.000000,67.47222222222223,2429,36,web-browsing
1693901055.011576,1693901056.011576,1,131,1.000000,131.0,131,1,web-browsing
1693901056.011576,1693901057.011576,35,4461,1.000000,127.45714285714286,4461,35,web-browsing
1693901057.011576,1693901058.011576,11,815,1.000000,74.0909090909091,815,11,web-browsing
1693901058.011576,1693901059.011576,1059,649199,1.000000,613.0302171860245,649199,1059,web-browsing
1693901059.011576,1693901060.011576,158,69412,1.000000,439.3164556962025,69412,158,web-browsing
1693901060.011576,1693901061.011576,12,1908,1.000000,159.0,1908,12,web-browsing
1693901061.011576,1693901062.011576,24,1611,1.000000,67.125,1611,24,web-browsing
1693901062.011576,1693901063.011576,32,2204,1.000000,68.875,2204,32,web-browsing
1693901063.011576,1693901064.011576,13,886,1.000000,68.15384615384616,886,13,web-browsing
1693901064.011576,1693901065.011576,10,700,1.000000,70.0,7E+2,1E+1,web-browsing
1693901065.011576,1693901066.011576,10,776,1.000000,77.6,776,1E+1,web-browsing
1693901066.011576,1693901067.011576,2,140,1.000000,70.0,1.4E+2,2,web-browsing
1693901067.011576,1693901068.011576,13,953,1.000000,73.3076923076923,953,13,web-browsing
1693901068.011576,1693901069.011576,6,402,1.000000,67.0,402,6,web-browsing
1693901069.011576,1693901070.011576,9,562,1.000000,62.44444444444444,562,9,web-browsing
1693901070.011576,1693901071.011576,68,30253,1.000000,444.8970588235294,30253,68,web-browsing
1693901071.011576,1693901072.011576,18,2420,1.000000,134.44444444444446,2.42E+3,18,web-browsing
1693901072.011576,1693901073.011576,5,411,1.000000,82.2,411,5,web-browsing
1693901073.011576,1693901074.011576,22,1468,1.000000,66.72727272727273,1468,22,web-browsing
1693901074.011576,1693901075.011576,32,2150,1.000000,67.1875,2.15E+3,32,web-browsing
1693901075.011576,1693901076.011576,9,768,1.000000,85.33333333333333,768,9,web-browsing
1693901076.011576,1693901077.011576,10,616,1.000000,61.6,616,1E+1,web-browsing
1693901077.011576,1693901078.011576,15,1033,1.000000,68.86666666666666,1033,15,web-browsing
1693901078.011576,1693901079.011576,27,1656,1.000000,61.333333333333336,1656,27,web-browsing
1693901079.011576,1693901080.011576,26,3356,1.000000,129.07692307692307,3356,26,web-browsing
1693901080.011576,1693901081.011576,3,271,1.000000,90.33333333333333,271,3,web-browsing
1693901081.011576,1693901082.011576,14,926,1.000000,66.14285714285714,926,14,web-browsing
1693901082.011576,1693901083.011576,17,1638,1.000000,96.3529411764706,1638,17,web-browsing
1693901083.011576,1693901084.011576,14,950,1.000000,67.85714285714286,9.5E+2,14,web-browsing
1693901084.011576,1693901085.011576,6,416,1.000000,69.33333333333333,416,6,web-browsing
1693901085.011576,1693901086.011576,36,4111,1.000000,114.19444444444444,4111,36,web-browsing
1693901086.011576,1693901087.011576,11,876,1.000000,79.63636363636364,876,11,web-browsing
1693901087.011576,1693901088.011576,48,3244,1.000000,67.58333333333333,3244,48,web-browsing
1693901088.011576,1693901089.011576,50,3285,1.000000,65.7,3285,5E+1,web-browsing
1693901089.011576,1693901090.011576,6,420,1.000000,70.0,4.2E+2,6,web-browsing
1693901090.011576,1693901091.011576,15,1011,1.000000,67.4,1011,15,web-browsing
1693901091.011576,1693901092.011576,8,538,1.000000,67.25,538,8,web-browsing
1693901092.011576,1693901093.011576,23,2531,1.000000,110.04347826086956,2531,23,web-browsing
1693901093.011576,1693901094.011576,10,664,1.000000,66.4,664,1E+1,web-browsing
1693901094.011576,1693901095.011576,12,798,1.000000,66.5,798,12,web-browsing
1693901095.011576,1693901096.011576,14,1074,1.000000,76.71428571428571,1074,14,web-browsing
1693901096.011576,1693901097.011576,16,2088,1.000000,130.5,2088,16,web-browsing
1693901097.011576,1693901098.011576,10,816,1.000000,81.6,816,1E+1,web-browsing
1693901098.011576,1693901099.011576,5226,2683498,1.000000,513.4898584003062,2683498,5226,web-browsing
1693901099.011576,1693901100.011576,49,3310,1.000000,67.55102040816327,3.31E+3,49,web-browsing
1693901100.011576,1693901101.011576,35,6167,1.000000,176.2,6167,35,web-browsing
1693901101.011576,1693901102.011576,29,2988,1.000000,103.03448275862068,2988,29,web-browsing
1693901102.011576,1693901103.011576,53,3649,1.000000,68.84905660377359,3649,53,web-browsing
1693901103.011576,1693901104.011576,31,3033,1.000000,97.83870967741936,3033,31,web-browsing
1693901104.011576,1693901105.011576,30,2036,1.000000,67.86666666666666,2036,3E+1,web-browsing
1693901105.011576,1693901106.011576,14606,8693014,1.000000,595.167328495139,8693014,14606,web-browsing
1693901106.011576,1693901107.011576,3117,1744260,1.000000,559.5957651588066,1.74426E+6,3117,web-browsing
1693901107.011576,1693901108.011576,31,2248,1.000000,72.51612903225806,2248,31,web-browsing
1693901108.011576,1693901109.011576,23,1609,1.000000,69.95652173913044,1609,23,web-browsing
1693901109.011576,1693901110.011576,20,1464,1.000000,73.2,1464,2E+1,web-browsing
1693901110.011576,1693901111.011576,27,2462,1.000000,91.18518518518519,2462,27,web-browsing
1693901111.011576,1693901112.011576,77,16582,1.000000,215.35064935064935,16582,77,web-browsing
1693901112.011576,1693901113.011576,57,22821,1.000000,400.36842105263156,22821,57,web-browsing
1693901113.011576,1693901114.011576,10,700,1.000000,70.0,7E+2,1E+1,web-browsing
1693901114.011576,1693901115.011576,6,420,1.000000,70.0,4.2E+2,6,web-browsing
1693901115.011576,1693901116.011576,24,5366,1.000000,223.58333333333334,5366,24,web-browsing
1693901116.011576,1693901117.011576,7,448,1.000000,64.0,448,7,web-browsing
1693901117.011576,1693901118.011576,15,1065,1.000000,71.0,1065,15,web-browsing
1693901118.011576,1693901119.011576,8,524,1.000000,65.5,524,8,web-browsing
1693901119.011576,1693901120.011576,14,1978,1.000000,141.28571428571428,1978,14,web-browsing
1693901120.011576,1693901121.011576,37,3493,1.000000,94.4054054054054,3493,37,web-browsing
1693901121.011576,1693901122.011576,45,4358,1.000000,96.84444444444445,4358,45,web-browsing
1693901122.011576,1693901123.011576,5269,2763477,1.000000,524.4784589106092,2763477,5269,web-browsing
1693901123.011576,1693901124.011576,61,21736,1.000000,356.327868852459,21736,61,web-browsing
1693901124.011576,1693901125.011576,25,2895,1.000000,115.8,2895,25,web-browsing
1693901125.011576,1693901126.011576,23,2725,1.000000,118.47826086956522,2725,23,web-browsing
1693901126.011576,1693901127.011576,41,8083,1.000000,197.14634146341464,8083,41,web-browsing
1693901127.011576,1693901128.011576,9125,5262360,1.000000,576.6969863013699,5.26236E+6,9125,web-browsing
1693901128.011576,1693901129.011576,759,373375,1.000000,491.9301712779974,373375,759,web-browsing
1693901129.011576,1693901130.011576,16,2203,1.000000,137.6875,2203,16,web-browsing
1693901130.011576,1693901131.011576,18,1387,1.000000,77.05555555555556,1387,18,web-browsing
1693901131.011576,1693901132.011576,5,351,1.000000,70.2,351,5,web-browsing
1693901132.011576,1693901133.011576,56,4909,1.000000,87.66071428571429,4909,56,web-browsing
1693901133.011576,1693901134.011576,27,1775,1.000000,65.74074074074075,1775,27,web-browsing
1693901134.011576,1693901135.011576,41,4830,1.000000,117.8048780487805,4.83E+3,41,web-browsing
1693901135.011576,1693901136.011576,13,2973,1.000000,228.69230769230768,2973,13,web-browsing
1693901136.011576,1693901137.011576,4,238,1.000000,59.5,238,4,web-browsing
1693901137.011576,1693901138.011576,19,1367,1.000000,71.94736842105263,1367,19,web-browsing
1693901138.011576,1693901139.011576,4,280,1.000000,70.0,2.8E+2,4,web-browsing
1693901139.011576,1693901140.011576,2,140,1.000000,70.0,1.4E+2,2,web-browsing
1693901140.011576,1693901141.011576,31,2215,1.000000,71.45161290322581,2215,31,web-browsing
1693901141.011576,1693901142.011576,16,1120,1.000000,70.0,1.12E+3,16,web-browsing
1693901142.011576,1693901143.011576,14,1016,1.000000,72.57142857142857,1016,14,web-browsing
1693901143.011576,1693901144.011576,12,840,1.000000,70.0,8.4E+2,12,web-browsing
1693901144.011576,1693901145.011576,9,647,1.000000,71.88888888888889,647,9,web-browsing
1693901145.011576,1693901146.011576,5,411,1.000000,82.2,411,5,web-browsing
1693901146.011576,1693901147.011576,9,700,1.000000,77.77777777777777,7E+2,9,web-browsing
1693901147.011576,1693901148.011576,23,2171,1.000000,94.3913043478261,2171,23,web-browsing
1693901148.011576,1693901149.011576,9,1111,1.000000,123.44444444444444,1111,9,web-browsing
1693901149.011576,1693901150.011576,9,761,1.000000,84.55555555555556,761,9,web-browsing
1693901150.011576,1693901151.011576,62,4240,1.000000,68.38709677419355,4.24E+3,62,web-browsing
1693901151.011576,1693901152.011576,30,1981,1.000000,66.03333333333333,1981,3E+1,web-browsing
1693901152.011576,1693901153.011576,25,2875,1.000000,115.0,2875,25,web-browsing
1693901153.011576,1693901154.011576,4,280,1.000000,70.0,2.8E+2,4,web-browsing
1693901155.011576,1693901156.011576,9,691,1.000000,76.77777777777777,691,9,web-browsing
1693901156.011576,1693901157.011576,7,482,1.000000,68.85714285714286,482,7,web-browsing
1693901157.011576,1693901158.011576,7,533,1.000000,76.14285714285714,533,7,web-browsing
1693901158.011576,1693901159.011576,18,1182,1.000000,65.66666666666667,1182,18,web-browsing
1693901159.011576,1693901160.011576,6,404,1.000000,67.33333333333333,404,6,web-browsing
1693901160.011576,1693901161.011576,13,911,1.000000,70.07692307692308,911,13,web-browsing
1693901161.011576,1693901162.011576,16,2088,1.000000,130.5,2088,16,web-browsing
1693901162.011576,1693901163.011576,65,6145,1.000000,94.53846153846153,6145,65,web-browsing
1693901163.011576,1693901164.011576,132,9032,1.000000,68.42424242424242,9032,132,web-browsing
1693901164.011576,1693901165.011576,9,777,1.000000,86.33333333333333,777,9,web-browsing
1693901165.011576,1693901166.011576,36,2434,1.000000,67.61111111111111,2434,36,web-browsing
1693901166.011576,1693901167.011576,1236,552761,1.000000,447.2176375404531,552761,1236,web-browsing
1693901167.011576,1693901168.011576,26,8881,1.000000,341.5769230769231,8881,26,web-browsing
1693901168.011576,1693901169.011576,9,656,1.000000,72.88888888888889,656,9,web-browsing
1693901169.011576,1693901170.011576,15,1184,1.000000,78.93333333333334,1184,15,web-browsing
1693901170.011576,1693901171.011576,49,3179,1.000000,64.87755102040816,3179,49,web-browsing
1693901171.011576,1693901172.011576,27,1781,1.000000,65.96296296296296,1781,27,web-browsing
1693901172.011576,1693901173.011576,31,1988,1.000000,64.12903225806451,1988,31,web-browsing
1693901173.011576,1693901174.011576,36,2506,1.000000,69.61111111111111,2506,36,web-browsing
1693901174.011576,1693901175.011576,4,280,1.000000,70.0,2.8E+2,4,web-browsing
1693901175.011576,1693901176.011576,2,218,1.000000,109.0,218,2,web-browsing
1693901176.011576,1693901177.011576,8,544,1.000000,68.0,544,8,web-browsing
1693901177.011576,1693901178.011576,7,482,1.000000,68.85714285714286,482,7,web-browsing
1693901178.011576,1693901179.011576,4,409,1.000000,102.25,409,4,web-browsing
1693901179.011576,1693901180.011576,5,326,1.000000,65.2,326,5,web-browsing
1693901180.011576,1693901181.011576,5,411,1.000000,82.2,411,5,web-browsing
1693901181.011576,1693901182.011576,2,140,1.000000,70.0,1.4E+2,2,web-browsing
1693901182.011576,1693901183.011576,4,280,1.000000,70.0,2.8E+2,4,web-browsing
1693901183.011576,1693901184.011576,11,799,1.000000,72.63636363636364,799,11,web-browsing
1693901184.011576,1693901185.011576,8,560,1.000000,70.0,5.6E+2,8,web-browsing
1693901185.011576,1693901186.011576,329,163852,1.000000,498.0303951367781,163852,329,web-browsing
1693901186.011576,1693901187.011576,14802,8332027,1.000000,562.8987299013647,8332027,14802,web-browsing
1693901187.011576,1693901188.011576,20433,12214522,1.000000,597.7840747809915,12214522,20433,web-browsing
1693901188.011576,1693901189.011576,19844,12170628,1.000000,613.3152590203588,12170628,19844,web-browsing
1693901189.011576,1693901190.011576,20148,12174060,1.000000,604.2316855270994,1.217406E+7,20148,web-browsing
1693901190.011576,1693901191.011576,20696,12187154,1.000000,588.865191341322,12187154,20696,web-browsing
1693901191.011576,1693901192.011576,21415,12190228,1.000000,569.2378239551716,12190228,21415,web-browsing
1693901192.011576,1693901193.011576,22140,12200987,1.000000,551.0834236675701,12200987,2.214E+4,web-browsing
1693901193.011576,1693901194.011576,22251,12199411,1.000000,548.2634937755606,12199411,22251,web-browsing
1693901194.011576,1693901195.011576,22738,12218234,1.000000,537.3486674289735,12218234,22738,web-browsing
1693901195.011576,1693901196.011576,18089,10772884,1.000000,595.5488971197966,10772884,18089,web-browsing
1693901196.011576,1693901197.011576,10833,6508576,1.000000,600.8101172343764,6508576,10833,web-browsing
1693901197.011576,1693901198.011576,19207,12153090,1.000000,632.7427500390482,1.215309E+7,19207,web-browsing
1693901198.011576,1693901199.011576,6159,3895843,1.000000,632.5447312875467,3895843,6159,web-browsing
1693901199.011576,1693901200.011576,20,1567,1.000000,78.35,1567,2E+1,web-browsing
1693901200.011576,1693901201.011576,18,1418,1.000000,78.77777777777777,1418,18,web-browsing
1693901201.011576,1693901202.011576,153,48546,1.000000,317.29411764705884,48546,153,web-browsing
1693901202.011576,1693901203.011576,17,1260,1.000000,74.11764705882354,1.26E+3,17,web-browsing
1693901203.011576,1693901204.011576,6,497,1.000000,82.83333333333333,497,6,web-browsing
1693901204.011576,1693901205.011576,17,5778,1.000000,339.88235294117646,5778,17,web-browsing
1693901205.011576,1693901206.011576,24,4723,1.000000,196.79166666666666,4723,24,web-browsing
1693901206.011576,1693901207.011576,18,1158,1.000000,64.33333333333333,1158,18,web-browsing
1693901207.011576,1693901208.011576,17,3202,1.000000,188.35294117647058,3202,17,web-browsing
1693901208.011576,1693901209.011576,35,5415,1.000000,154.71428571428572,5415,35,web-browsing
1693901209.011576,1693901210.011576,9442,6003674,1.000000,635.8477017581021,6003674,9442,web-browsing
1693901210.011576,1693901211.011576,9,657,1.000000,73.0,657,9,web-browsing
1693901211.011576,1693901212.011576,25,2612,1.000000,104.48,2612,25,web-browsing
1693901212.011576,1693901213.011576,30,4205,1.000000,140.16666666666666,4205,3E+1,web-browsing
1693901213.011576,1693901214.011576,7,604,1.000000,86.28571428571429,604,7,web-browsing
1693901214.011576,1693901215.011576,3,186,1.000000,62.0,186,3,web-browsing
1693901215.011576,1693901216.011576,9,691,1.000000,76.77777777777777,691,9,web-browsing
1693901216.011576,1693901217.011576,13,1872,1.000000,144.0,1872,13,web-browsing
1693901217.011576,1693901218.011576,20,4352,1.000000,217.6,4352,2E+1,web-browsing
1693901218.011576,1693901219.011576,17,2179,1.000000,128.1764705882353,2179,17,web-browsing
1693901219.011576,1693901220.011576,12,1850,1.000000,154.16666666666666,1.85E+3,12,web-browsing
1693901220.011576,1693901221.011576,3,271,1.000000,90.33333333333333,271,3,web-browsing
1693901221.011576,1693901222.011576,4695,2994098,1.000000,637.7205537806177,2994098,4695,web-browsing
1693901222.011576,1693901223.011576,2581,1622804,1.000000,628.7500968616815,1622804,2581,web-browsing
1693901223.011576,1693901224.011576,10,917,1.000000,91.7,917,1E+1,web-browsing
1693901224.011576,1693901225.011576,5,326,1.000000,65.2,326,5,web-browsing
1693901225.011576,1693901226.011576,33,2143,1.000000,64.93939393939394,2143,33,web-browsing
